,Name,F/R,Oligo,Length
1,SYNCAS9 1 F,F,GATAAGAAGTATAGCATCGGCCTTGCCATAGGCACCAAC,39
2,SYNCAS9 2 R,R,TCATCTGTAATCACAGCCCATCCAACTGAGTTGGTGCCTATGGCAAG,47
3,SYNCAS9 3 F,F,GGGCTGTGATTACAGATGAGTACAAGGTTCCATCCAAAAAGTT,43
4,SYNCAS9 4 R,R,TCTGTGTTCCCCAAAACTTTAAACTTTTTGGATGGAACCTTG,42
5,SYNCAS9 5 F,F,TTAAAGTTTTGGGGAACACAGACCGCCATTCTATTAA,37
6,SYNCAS9 6 R,R,TCAAATAACAGGGCCCCAATAAGGTTTTTCTTAATAGAATGGCGGTCTGT,50
7,SYNCAS9 7 F,F,ATTGGGGCCCTGTTATTTGACTCCGGTGAGACTGCTGAAGCAACA,45
8,SYNCAS9 8 R,R,TATCTGCGCCGAGCTGTTCTTTTCAGCCTTGTTGCTTCAGCAGTCTCA,48
9,SYNCAS9 9 F,F,GCTCGGCGCAGATACACCAGGAGAAAGAATCGGAT,35
10,SYNCAS9 10 R,R,CATTGCTAAAGATCTCCTGAAGATAGCAGATCCGATTCTTTCTCCTGGT,49
11,SYNCAS9 11 F,F,TCTTCAGGAGATCTTTAGCAATGAAATGGCTAAAGTCGATGACAGTT,47
12,SYNCAS9 12 R,R,AAAAGGACTCCTCCAGTCTATGGAAGAAACTGTCATCGACTTTAGCC,47
13,SYNCAS9 13 F,F,GACTGGAGGAGTCCTTTTTGGTTGAAGAGGACAAAAAGCACGAGCGG,47
14,SYNCAS9 14 R,R,GATGTTGCCGAAGATGGGATGCCGCTCGTGCTTTTTGTC,39
15,SYNCAS9 15 F,F,TCCCATCTTCGGCAACATCGTGGATGAAGTCGCATACCATGAAAAGTAT,49
16,SYNCAS9 16 R,R,CGCAGGTGGTAAATTGTAGGATACTTTTCATGGTATGCGAC,41
17,SYNCAS9 17 F,F,CCTACAATTTACCACCTGCGGAAAAAATTGGTGGACAGCACAGAT,45
18,SYNCAS9 18 R,R,AAATGAGCCGCAGGTCAGCCTTATCTGTGCTGTCCACCAA,40
19,SYNCAS9 19 F,F,TGACCTGCGGCTCATTTACCTGGCCCTTGCCCACA,35
20,SYNCAS9 20 R,R,TCCTTCGATCAGGAAATGGCCCCTAAATTTTATCATGTGGGCAAGGGCCA,50
21,SYNCAS9 21 F,F,CCATTTCCTGATCGAAGGAGATCTGAACCCCGACAACTCAGAC,43
22,SYNCAS9 22 R,R,GGATGAACAGCTTATCTACGTCTGAGTTGTCGGGGTTC,38
23,SYNCAS9 23 F,F,CGTAGATAAGCTGTTCATCCAATTAGTCCAAACATATAATCAGCTATTC,49
24,SYNCAS9 24 R,R,GGCGTTGATTGGGTTTTCCTCGAATAGCTGATTATATGTTTGGACTAA,48
25,SYNCAS9 25 F,F,GGAAAACCCAATCAACGCCTCAGGCGTTGATGCTAAAGCGATACTGTC,48
26,SYNCAS9 26 R,R,CGCCGGCTTTTGCTCAACCTCGCGGACAGTATCGCTTTAGCATCAAC,47
27,SYNCAS9 27 F,F,TTGAGCAAAAGCCGGCGCCTTGAGAACCTTATTGCGCAACTACCAGGA,48
28,SYNCAS9 28 R,R,GCCCGTTCTTTTTCTCTCCTGGTAGTTGCGCAA,33
29,SYNCAS9 29 F,F,GGAGAGAAAAAGAACGGGCTGTTTGGCAATCTGATTGCGCTGTCT,45
30,SYNCAS9 30 R,R,TGTCAGGCCCAGAGACAGCGCAATCAGATTG,31
31,SYNCAS9 31 F,F,CTCTGGGCCTGACACCTAACTTCAAGTCAAACTTCGACTTGGCAGAGGAT,50
32,SYNCAS9 32 R,R,ACTCAGCTGCAACTTTGCATCCTCTGCCAAGTCG,34
33,SYNCAS9 33 F,F,GCAAAGTTGCAGCTGAGTAAGGACACATACGACGACGACCTGGATAATCT,50
34,SYNCAS9 34 R,R,CATACTGATCTCCAATCTGTGCAAGCAGATTATCCAGGTCGTCGT,45
35,SYNCAS9 35 F,F,CACAGATTGGAGATCAGTATGCTGACCTCTTTTTAGCC,38
36,SYNCAS9 36 R,R,ATCGCATCAGACAGGTTCTTTGCGGCTAAAAAGAGGTCAGCA,42
37,SYNCAS9 37 F,F,GAACCTGTCTGATGCGATATTGCTATCCGATATTCTGCGCGTGAACACAG,50
38,SYNCAS9 38 R,R,ACTTGCGCTGAGGGGTGCCTTTGTGATCTCTGTGTTCACGCGCAGAATAT,50
39,SYNCAS9 39 F,F,CCCCTCAGCGCAAGTATGATCAAGCGCTACGATGAGCATCATCAAGA,47
40,SYNCAS9 40 R,R,CCAGAGCCTTCAACAGTGTCAGATCTTGATGATGCTCATCGTAG,44
41,SYNCAS9 41 F,F,ACACTGTTGAAGGCTCTGGTTCGCCAACAGCTGCCAGAAAAGTACAAGG,49
42,SYNCAS9 42 R,R,CCGTTCTTGGACTGATCGAAGAAGATCTCCTTGTACTTTTCTGGCAG,47
43,SYNCAS9 43 F,F,TTCGATCAGTCCAAGAACGGGTATGCTGGGTACATTGATGGGGG,44
44,SYNCAS9 44 R,R,TGAACTTATAAAACTCCTCCTGGGAGGCGCCCCCATCAATGTACCC,46
45,SYNCAS9 45 F,F,CAGGAGGAGTTTTATAAGTTCATCAAGCCCATTCTG,36
46,SYNCAS9 46 R,R,AGTTCTTCAGTGCCATCCATCTTCTCCAGAATGGGCTTGATGAACTTATA,50
47,SYNCAS9 47 F,F,GGATGGCACTGAAGAACTGCTGGTGAAGCTCAATCGCGAAGATC,44
48,SYNCAS9 48 R,R,GTCCTCTGTTTCCTCAGCAGATCTTCGCGATTGAGCTTC,39
49,SYNCAS9 49 F,F,GCTGAGGAAACAGAGGACTTTTGACAACGGCTCGATTCCTCATCAGATTC,50
50,SYNCAS9 50 R,R,CAGAATTGCGTGCAGCTCACCCAGGTGAATCTGATGAGGAATCGAGC,47
51,SYNCAS9 51 F,F,GTGAGCTGCACGCAATTCTGAGGAGACAGGAGGACTTCTACC,42
52,SYNCAS9 52 R,R,TCTTCTCACGATTGTCCTTAAGGAATGGGTAGAAGTCCTCCTGTCT,46
53,SYNCAS9 53 F,F,AGGACAATCGTGAGAAGATCGAAAAGATCCTAACCTTTCG,40
54,SYNCAS9 54 R,R,CGACATAATACGGGATCCGAAAGGTTAGGATCTTTTCGAT,40
55,SYNCAS9 55 F,F,TTTCGGATCCCGTATTATGTCGGCCCGCTTGCCAGGGGA,39
56,SYNCAS9 56 R,R,CGGGTCATCCAGGCAAAGCGAGAATTTCCCCTGGCAAGCG,40
57,SYNCAS9 57 F,F,TGCCTGGATGACCCGGAAGAGTGAGGAGACGATCACCCCCTGGAACTTT,49
58,SYNCAS9 58 R,R,CTCCTTTGTCCACCACCTCCTCAAAGTTCCAGGGGGTGAT,40
59,SYNCAS9 59 F,F,GGTGGTGGACAAAGGAGCCTCCGCACAGTCCTTCATCGAGCGGAT,45
60,SYNCAS9 60 R,R,TTCGGTAGATTCTTATCAAAGTTGGTCATCCGCTCGATGAAGG,43
61,SYNCAS9 61 F,F,CAACTTTGATAAGAATCTACCGAACGAGAAAGTTCTTCCCAAGCAC,46
62,SYNCAS9 62 R,R,GACGGTGAAGTACTCATACAGGAGACTGTGCTTGGGAAGAACTTTCTC,48
63,SYNCAS9 63 F,F,GTATGAGTACTTCACCGTCTATAACGAGCTCACGAAGGTTAAA,43
64,SYNCAS9 64 R,R,TCATCCCTTCTGTGACGTATTTAACCTTCGTGAGCTCG,38
65,SYNCAS9 65 F,F,TACGTCACAGAAGGGATGAGGAAACCTGCATTTCTCTCTGGGGAACAGAA,50
66,SYNCAS9 66 R,R,TTTAAATAACAGATCCACGATAGCTTTTTTCTGTTCCCCAGAGAG,45
67,SYNCAS9 67 F,F,AAAAGCTATCGTGGATCTGTTATTTAAAACCAACAGGAAGGTTACAGTG,49
68,SYNCAS9 68 R,R,TTAAAGTAGTCCTCCTTTAGCTGCTTCACTGTAACCTTCCTGTTGGTT,48
69,SYNCAS9 69 F,F,AGCTAAAGGAGGACTACTTTAAAAAGATCG,30
70,SYNCAS9 70 R,R,GAGATTTCTACGGAATCGAAGCACTCGATCTTTTTAAAGTAGTCCTCCTT,50
71,SYNCAS9 71 F,F,CTTCGATTCCGTAGAAATCTCCGGCGTGGAGGATAGGTT,39
72,SYNCAS9 72 R,R,GCAGATCATGGTAAGTGCCCAAGGACGCATTGAACCTATCCTCCACGC,48
73,SYNCAS9 73 F,F,GGCACTTACCATGATCTGCTGAAGATAATTAAGGACAAGGATTTCC,46
74,SYNCAS9 74 R,R,CATTCTCCTCATTATCCAGGAAATCCTTGTCCTTAATTATCTTCA,45
75,SYNCAS9 75 F,F,CCTGGATAATGAGGAGAATGAAGACATTTTGGAAGACATAGTTCT,45
76,SYNCAS9 76 R,R,CTCAAACAATGTAAGAGTCAGAACTATGTCTTCCAAAATGTCT,43
77,SYNCAS9 77 F,F,ATAGTTCTGACTCTTACATTGTTTGAGGATCGAGAGATGATTGAAGAGAG,50
78,SYNCAS9 78 R,R,ATCGAACAGATGGGCGTACGTTTTCAGCCTCTCTTCAATCATCTCTCGA,49
79,SYNCAS9 79 F,F,ACGCCCATCTGTTCGATGACAAGGTGATGAAACAGCTGAAGAGA,44
80,SYNCAS9 80 R,R,TTCCCCACCCGGTGTATCGCCGTCTCTTCAGCTGTTTCATCA,42
81,SYNCAS9 81 F,F,TACACCGGGTGGGGAAGGCTGTCTCGGAAGCTGATTAACGGG,42
82,SYNCAS9 82 R,R,CTTCCCAGACTGTTTATCACGTATCCCGTTAATCAGCTTCCG,42
83,SYNCAS9 83 F,F,ACGTGATAAACAGTCTGGGAAGACAATCCTGGACTTCCTGAAGTCTGA,48
84,SYNCAS9 84 R,R,CATGAAATTTCTATTTGCGAACCCATCAGACTTCAGGAAGTCCA,44
85,SYNCAS9 85 F,F,ATGGGTTCGCAAATAGAAATTTCATGCAACTGATACACGATGACT,45
86,SYNCAS9 86 R,R,GATGTCCTCTTTGAACGTCAGAGAGTCATCGTGTATCAGTTGCA,44
87,SYNCAS9 87 F,F,TGACGTTCAAAGAGGACATCCAGAAGGCCCAGGTGTC,37
88,SYNCAS9 88 R,R,AGCGATATGTTCGTGCAGACTGTCCCCCTGGCCGGACACCTGGGCCTTCT,50
89,SYNCAS9 89 F,F,CTGCACGAACATATCGCTAACCTTGCTGGTTCTCCCGCCATAAAG,45
90,SYNCAS9 90 R,R,CTACAACCTTAACTGTCTGCAAGATGCCCTTCTTTATGGCGGGAGAACC,49
91,SYNCAS9 91 F,F,CTTGCAGACAGTTAAGGTTGTAGATGAGCTGGTGAAAGTCATG,43
92,SYNCAS9 92 R,R,CAATATTCTCGGGTTTGTGCCTTCCCATGACTTTCACCAGCTCATCT,47
93,SYNCAS9 93 F,F,GCACAAACCCGAGAATATTGTGATAGAGATGGCTCGTGAAAACCAGA,47
94,SYNCAS9 94 R,R,GCCCCTTCTGGGTTGTCTGGTTTTCACGAGCCAT,34
95,SYNCAS9 95 F,F,ACAACCCAGAAGGGGCAGAAGAACTCCAGAGAAAGGATGAAGAGAATCGA,50
96,SYNCAS9 96 R,R,GGAGCCCAGTTCCTTGATCCCCTCCTCGATTCTCTTCATCCTTTCTCT,48
97,SYNCAS9 97 F,F,ATCAAGGAACTGGGCTCCCAAATTCTGAAAGAACATCCTGTG,42
98,SYNCAS9 98 R,R,TTTTCATTCTGGAGCTGTGTGTTCTCCACAGGATGTTCTTTCAGAATTTG,50
99,SYNCAS9 99 F,F,ACACAGCTCCAGAATGAAAAGCTGTACTTATACTACCTGCAGAA,44
100,SYNCAS9 100 R,R,TCGACGTACATATCCCTGCCGTTCTGCAGGTAGTATAAGTACAG,44
101,SYNCAS9 101 F,F,CAGGGATATGTACGTCGATCAGGAACTTGATATCAACCGGCTCTC,45
102,SYNCAS9 102 R,R,ACAATGGCGTCAACATCGTAATCAGAGAGCCGGTTGATATCAAG,44
103,SYNCAS9 103 F,F,ACGATGTTGACGCCATTGTCCCCCAGAGTTTTTTAAAGGATGA,43
104,SYNCAS9 104 R,R,GTCAGCACTTTGTTGTCGATGCTATCATCCTTTAAAAAACTCTGGG,46
105,SYNCAS9 105 F,F,ATCGACAACAAAGTGCTGACTCGGTCCGATAAGAATCGTGGCA,43
106,SYNCAS9 106 R,R,TCTTCGGACGGTACGTTGTCACTCTTGCCACGATTCTTATCGG,43
107,SYNCAS9 107 F,F,AACGTACCGTCCGAAGAGGTGGTGAAAAAAATGAAGAATTATTGGA,46
108,SYNCAS9 108 R,R,CAGTTTGGCATTCAGCAGCTGTCTCCAATAATTCTTCATTTTTTTCACC,49
109,SYNCAS9 109 F,F,AGCTGCTGAATGCCAAACTGATTACACAGAGGAAGTTTGATAATCT,46
110,SYNCAS9 110 R,R,CAGGCCGCCACGTTCGGCTTTAGTGAGATTATCAAACTTCCTCTGTG,47
111,SYNCAS9 111 F,F,GAACGTGGCGGCCTGTCCGAACTGGACAAAGCCGGGTT,38
112,SYNCAS9 112 R,R,GACGGGTCTCCACTAACTGTCTTTTGATAAACCCGGCTTTGTCCA,45
113,SYNCAS9 113 F,F,AGTTAGTGGAGACCCGTCAGATTACCAAACATGTTGCCCAAATCCTGGAT,50
114,SYNCAS9 114 R,R,GTCATATTTAGTATTCATTCGGCTATCCAGGATTTGGGCAACAT,44
115,SYNCAS9 115 F,F,ATAGCCGAATGAATACTAAATATGACGAAAATGACAAACTTATCCGAGA,49
116,SYNCAS9 116 R,R,TCTTCAGGGTGATCACCTTAACTTCTCGGATAAGTTTGTCATTTTC,46
117,SYNCAS9 117 F,F,AAGGTGATCACCCTGAAGAGTAAATTAGTGTCTGACTTCAGGAAGG,46
118,SYNCAS9 118 R,R,AATTTCCCGAACCTTGTAAAATTGAAAATCCTTCCTGAAGTCAGACACT,49
119,SYNCAS9 119 F,F,TTCAATTTTACAAGGTTCGGGAAATTAACAACTATCACCATGCTCAT,47
120,SYNCAS9 120 R,R,ACCACGGCATTCAGGTATGCGTCATGAGCATGGTGATAGTTGTT,44
121,SYNCAS9 121 F,F,ACCTGAATGCCGTGGTAGGGACCGCGTTAATCAAGAAGTACCCCAAGT,48
122,SYNCAS9 122 R,R,CCGTAGACAAACTCGGACTCCAACTTGGGGTACTTCTTGATTA,43
123,SYNCAS9 123 F,F,AGTCCGAGTTTGTCTACGGGGACTACAAGGTCTACGACGTGA,42
124,SYNCAS9 124 R,R,TCTTGTTCTGACTTAGCAATCATCTTCCTCACGTCGTAGACCTTGT,46
125,SYNCAS9 125 F,F,GATTGCTAAGTCAGAACAAGAGATTGGTAAAGCCACCGCAAAAT,44
126,SYNCAS9 126 R,R,AAGTTCATGATGTTTGAGTAAAAAAAGTATTTTGCGGTGGCTTTACC,47
127,SYNCAS9 127 F,F,AAATACTTTTTTTACTCAAACATCATGAACTTCTTTAAAACCGAGATAA,49
128,SYNCAS9 128 R,R,ATTTCCCCATTGGCCAGCGTTATCTCGGTTTTAAAGAAGTTCAT,44
129,SYNCAS9 129 F,F,CTGGCCAATGGGGAAATCCGCAAACGACCATTAATC,36
130,SYNCAS9 130 R,R,TTTCTCCTGTCTCACCATTTGTCTCGATTAATGGTCGTTTGCGGATT,47
131,SYNCAS9 131 F,F,CAAATGGTGAGACAGGAGAAATAGTTTGGGACAAAGGCCGCGATTTCGCA,50
132,SYNCAS9 132 R,R,TGGCATGCTTAAAACTTTTCGCACAGTTGCGAAATCGCGGCCT,43
133,SYNCAS9 133 F,F,GCGAAAAGTTTTAAGCATGCCACAAGTTAACATCGTCAAGAAAACCGAA,49
134,SYNCAS9 134 R,R,TTGGAAAACCCCCCGGTCTGCACTTCGGTTTTCTTGACGATGTTAA,46
135,SYNCAS9 135 F,F,CCGGGGGGTTTTCCAAGGAGTCAATCCTGCCTAAGAGAAATT,42
136,SYNCAS9 136 R,R,TCCTTTTTTCTGGCTATCAGTTTGTCAGAATTTCTCTTAGGCAGGATTGA,50
137,SYNCAS9 137 F,F,CAAACTGATAGCCAGAAAAAAGGATTGGGATCCAAAGAAAT,41
138,SYNCAS9 138 R,R,CACGGTTGGGCTATCGAACCCACCGTATTTCTTTGGATCCCAATCCTT,48
139,SYNCAS9 139 F,F,TTCGATAGCCCAACCGTGGCCTACAGCGTCCTGGTGGTGGCAAAG,45
140,SYNCAS9 140 R,R,GACTTCAGTTTCTTACTCTTACCCTTCTCCACCTTTGCCACCACCAGG,48
141,SYNCAS9 141 F,F,GGTAAGAGTAAGAAACTGAAGTCGGTGAAGGAGCTCCTCGG,41
142,SYNCAS9 142 R,R,GAGGAGCGCTCCATAATGGTGATTCCGAGGAGCTCCTTCA,40
143,SYNCAS9 143 F,F,CATTATGGAGCGCTCCTCTTTTGAGAAGAACCCTATAGACTTTCTA,46
144,SYNCAS9 144 R,R,TTTTAACCTCTTTATACCCCTTTGCTTCTAGAAAGTCTATAGGGTTCTTC,50
145,SYNCAS9 145 F,F,AAAGGGGTATAAAGAGGTTAAAAAAGACCTCATCATAAAGTT,42
146,SYNCAS9 146 R,R,GCTCGAACAGGCTATACTTAGGCAACTTTATGATGAGGTCTTTTTTAAC,49
147,SYNCAS9 147 F,F,TAAGTATAGCCTGTTCGAGCTCGAGAATGGCCGTAAACGCATGC,44
148,SYNCAS9 148 R,R,TTTCCTTTCTGCAGTTCTCCGGCTGAGGCCAGCATGCGTTTACGGCCATT,50
149,SYNCAS9 149 F,F,GAGAACTGCAGAAAGGAAATGAACTTGCTCTGCCCAGTAAATACGTTAA,49
150,SYNCAS9 150 R,R,TAGTGTGATGCCAGGTACAAAAAGTTAACGTATTTACTGGGCAGA,45
151,SYNCAS9 151 F,F,GTACCTGGCATCACACTATGAAAAGTTAAAGGGGTCA,37
152,SYNCAS9 152 R,R,AACTGTTTCTGCTCGTTATCTTCAGGTGACCCCTTTAACTTTTCATAG,48
153,SYNCAS9 153 F,F,AAGATAACGAGCAGAAACAGTTGTTCGTTGAACAGCATAAGCAT,44
154,SYNCAS9 154 R,R,CTGCTCGATAATTTCGTCCAAATAATGCTTATGCTGTTCAACGAA,45
155,SYNCAS9 155 F,F,TTTGGACGAAATTATCGAGCAGATCTCCGAGTTTAGTAAGAGGG,44
156,SYNCAS9 156 R,R,ATTTGCGTCAGCCAGAATCACCCTCTTACTAAACTCGGAG,40
157,SYNCAS9 157 F,F,TGATTCTGGCTGACGCAAATCTTGATAAGGTGCTCAGCGCTT,42
158,SYNCAS9 158 R,R,TGGCTTGTCTCTATGTTTATTGTAAGCGCTGAGCACCTTAT,41
159,SYNCAS9 159 F,F,ACAATAAACATAGAGACAAGCCAATCAGGGAGCAAGCTGAAAA,43
160,SYNCAS9 160 R,R,GAGCGTGAACAGGTGGATGATGTTTTCAGCTTGCTCCCTGAT,42
161,SYNCAS9 161 F,F,CCACCTGTTCACGCTCACCAACTTGGGTGCTCCTGCCGCTTTCAAA,46
162,SYNCAS9 162 R,R,TTTCCTGTCGATGGTGGTATCAAAGTATTTGAAAGCGGCAGGAG,44
163,SYNCAS9 163 F,F,ATACCACCATCGACAGGAAACGCTATACGTCTACCAAGGAGGTCCTA,47
164,SYNCAS9 164 R,R,ATCGATTGGTGAATTAAGGTAGCGTCTAGGACCTCCTTGGTAG,43
165,SYNCAS9 165 F,F,CTACCTTAATTCACCAATCGATTACAGGCTTATATGAGACTCGTA,45
166,SYNCAS9 166 R,R,GTCCCCTCCGAGCTGGCTCAAATCGATACGAGTCTCATATAAGCCTG,47
